use universidade;

INSERT INTO Curso (nome, id, telefone) VALUES ('Sistemas de Informação', 1, '1234567890123');

INSERT INTO Professor (cpf, nome, sexo, telefone, id, idCurso, idTurma, email) VALUES
('11111111111', 'Professor 1', 'masculino', '11111111111', 1, 1, NULL, 'prof1@exemplo.com'),
('22222222222', 'Professor 2', 'feminino', '22222222222', 2, 1, NULL, 'prof2@exemplo.com'),
('33333333333', 'Professor 3', 'masculino', '33333333333', 3, 1, NULL, 'prof3@exemplo.com'),
('44444444444', 'Professor 4', 'feminino', '44444444444', 4, 1, NULL, 'prof4@exemplo.com'),
('55555555555', 'Professor 5', 'masculino', '55555555555', 5, 1, NULL, 'prof5@exemplo.com'),
('66666666666', 'Professor 6', 'feminino', '66666666666', 6, 1, NULL, 'prof6@exemplo.com'),
('77777777777', 'Professor 7', 'masculino', '77777777777', 7, 1, NULL, 'prof7@exemplo.com'),
('88888888888', 'Professor 8', 'feminino', '88888888888', 8, 1, NULL, 'prof8@exemplo.com'),
('99999999999', 'Professor 9', 'masculino', '99999999999', 9, 1, NULL, 'prof9@exemplo.com'),
('10101010101', 'Professor 10', 'feminino', '10101010101', 10, 1, NULL, 'prof10@exemplo.com'),
('11111111112', 'Professor 11', 'masculino', '11111111112', 11, 1, NULL, 'prof11@exemplo.com'),
('12121212121', 'Professor 12', 'feminino', '12121212121', 12, 1, NULL, 'prof12@exemplo.com'),
('13131313131', 'Professor 13', 'masculino', '13131313131', 13, 1, NULL, 'prof13@exemplo.com'),
('14141414141', 'Professor 14', 'feminino', '14141414141', 14, 1, NULL, 'prof14@exemplo.com'),
('15151515151', 'Professor 15', 'masculino', '15151515151', 15, 1, NULL, 'prof15@exemplo.com'),
('16161616161', 'Professor 16', 'feminino', '16161616161', 16, 1, NULL, 'prof16@exemplo.com'),
('17171717171', 'Professor 17', 'masculino', '17171717171', 17, 1, NULL, 'prof17@exemplo.com'),
('18181818181', 'Professor 18', 'feminino', '18181818181', 18, 1, NULL, 'prof18@exemplo.com'),
('19191919191', 'Professor 19', 'masculino', '19191919191', 19, 1, NULL, 'prof19@exemplo.com'),
('20202020202', 'Professor 20', 'feminino', '20202020202', 20, 1, NULL, 'prof20@exemplo.com');

INSERT INTO Turma (ano, semestre, idCurso, id) VALUES
(2024, 1, 1, 1),
(2024, 1, 1, 2),
(2024, 1, 1, 3),
(2024, 1, 1, 4),
(2024, 1, 1, 5),
(2024, 1, 1, 6),
(2024, 1, 1, 7),
(2024, 1, 1, 8),
(2024, 1, 1, 9),
(2024, 1, 1, 10),
(2024, 1, 1, 11),
(2024, 1, 1, 12),
(2024, 1, 1, 13),
(2024, 1, 1, 14),
(2024, 1, 1, 15),
(2024, 1, 1, 16),
(2024, 1, 1, 17),
(2024, 1, 1, 18),
(2024, 1, 1, 19),
(2024, 1, 1, 20),
(2024, 1, 1, 21),
(2024, 1, 1, 22),
(2024, 1, 1, 23),
(2024, 1, 1, 24),
(2024, 1, 1, 25),
(2024, 1, 1, 26),
(2024, 1, 1, 27),
(2024, 1, 1, 28),
(2024, 1, 1, 29),
(2024, 1, 1, 30);


INSERT INTO Disciplina (nome, descricao, idProfessor, id, cargahoraria, nivel, idCurso, status) VALUES
('Lógica de Programação', 'Disciplina de introdução à lógica de programação', 1, 1, '80:00:00', 'básico', 1, 'não cursada'),
('Matemática', 'Disciplina de matemática básica', 2, 2, '120:00:00', 'médio', 1, 'não cursada'),
('Estrutura de Dados', 'Disciplina de estrutura de dados', 3, 3, '80:00:00', 'médio', 1, 'não cursada'),
('Banco de Dados', 'Disciplina de banco de dados', 4, 4, '120:00:00', 'avançado', 1, 'não cursada'),
('Engenharia de Software', 'Disciplina de engenharia de software', 5, 5, '80:00:00', 'médio', 1, 'não cursada'),
('Sistemas Operacionais', 'Disciplina de sistemas operacionais', 6, 6, '120:00:00', 'médio', 1, 'não cursada'),
('Redes de Computadores', 'Disciplina de redes de computadores', 7, 7, '80:00:00', 'avançado', 1, 'não cursada'),
('Inteligência Artificial', 'Disciplina de inteligência artificial', 8, 8, '120:00:00', 'avançado', 1, 'não cursada'),
('Segurança da Informação', 'Disciplina de segurança da informação', 9, 9, '80:00:00', 'avançado', 1, 'não cursada'),
('Projeto Integrador', 'Disciplina de projeto integrador', 10, 10, '120:00:00', 'médio', 1, 'não cursada');

UPDATE Disciplina
SET status = 'cursada'
WHERE id IN (1, 3, 5);
UPDATE Disciplina
SET status = 'cursando'
WHERE id IN (2, 4, 6);


INSERT INTO Aluno (matricula, cpf, nome, sexo, telefone, endereco, idCurso, idTurma, TipodeFormacao) VALUES
('202400001', '12345678900', 'Aluno 1', 'masculino', '11111111111', 'Rua A, 123', 1, 1, 'graduação'),
('202400002', '12345678901', 'Aluno 2', 'feminino', '22222222222', 'Rua B, 456', 1, 2, 'graduação'),
('202400003', '12345678902', 'Aluno 3', 'masculino', '33333333333', 'Rua C, 789', 1, 3, 'graduação'),
('202400004', '12345678903', 'Aluno 4', 'feminino', '44444444444', 'Rua D, 101', 1, 4, 'graduação'),
('202400005', '12345678904', 'Aluno 5', 'masculino', '55555555555', 'Rua E, 102', 1, 5, 'graduação'),
('202400006', '12345678905', 'Aluno 6', 'feminino', '66666666666', 'Rua F, 103', 1, 6, 'graduação'),
('202400007', '12345678906', 'Aluno 7', 'masculino', '77777777777', 'Rua G, 104', 1, 7, 'graduação'),
('202400008', '12345678907', 'Aluno 8', 'feminino', '88888888888', 'Rua H, 105', 1, 8, 'graduação'),
('202400009', '12345678908', 'Aluno 9', 'masculino', '99999999999', 'Rua I, 106', 1, 9, 'graduação'),
('202400010', '12345678909', 'Aluno 10', 'feminino', '10101010101', 'Rua J, 107', 1, 10, 'graduação'),
('202400011', '12345678910', 'Aluno 11', 'masculino', '11111111112', 'Rua K, 108', 1, 11, 'graduação'),
('202400012', '12345678911', 'Aluno 12', 'feminino', '12121212121', 'Rua L, 109', 1, 12, 'graduação'),
('202400013', '12345678912', 'Aluno 13', 'masculino', '13131313131', 'Rua M, 110', 1, 13, 'graduação'),
('202400014', '12345678913', 'Aluno 14', 'feminino', '14141414141', 'Rua N, 111', 1, 14, 'graduação'),
('202400015', '12345678914', 'Aluno 15', 'masculino', '15151515151', 'Rua O, 112', 1, 15, 'graduação'),
('202400016', '12345678915', 'Aluno 16', 'feminino', '16161616161', 'Rua P, 113', 1, 16, 'graduação'),
('202400017', '12345678916', 'Aluno 17', 'masculino', '17171717171', 'Rua Q, 114', 1, 17, 'graduação'),
('202400018', '12345678917', 'Aluno 18', 'feminino', '18181818181', 'Rua R, 115', 1, 18, 'graduação'),
('202400019', '12345678918', 'Aluno 19', 'masculino', '19191919191', 'Rua S, 116', 1, 19, 'graduação'),
('202400020', '12345678919', 'Aluno 20', 'feminino', '20202020202', 'Rua T, 117', 1, 20, 'graduação'),
('202400021', '12345678920', 'Aluno 21', 'masculino', '21212121212', 'Rua U, 118', 1, 21, 'graduação'),
('202400022', '12345678921', 'Aluno 22', 'feminino', '22222228222', 'Rua V, 119', 1, 22, 'graduação'),
('202400023', '12345678922', 'Aluno 23', 'masculino', '23232323232', 'Rua W, 120', 1, 23, 'graduação'),
('202400024', '12345678923', 'Aluno 24', 'feminino', '24242424242', 'Rua X, 121', 1, 24, 'graduação'),
('202400025', '12345678924', 'Aluno 25', 'masculino', '25252525252', 'Rua Y, 122', 1, 25, 'graduação'),
('202400026', '12345678925', 'Aluno 26', 'feminino', '26262626262', 'Rua Z, 123', 1, 26, 'graduação'),
('202400027', '12345678926', 'Aluno 27', 'masculino', '27272727272', 'Rua A, 124', 1, 27, 'graduação'),
('202400028', '12345678927', 'Aluno 28', 'feminino', '28282828282', 'Rua B, 125', 1, 28, 'graduação'),
('202400029', '12345678928', 'Aluno 29', 'masculino', '29292929292', 'Rua C, 126', 1, 29, 'graduação'),
('202400030', '12345678929', 'Aluno 30', 'feminino', '30303030303', 'Rua D, 127', 1, 30, 'graduação'),
('202400031', '12345678930', 'Aluno 31', 'masculino', '31313131313', 'Rua E, 128', 1, 1, 'graduação'),
('202400032', '12345678931', 'Aluno 32', 'feminino', '32323232323', 'Rua F, 129', 1, 2, 'graduação'),
('202400033', '12345678932', 'Aluno 33', 'masculino', '33333338333', 'Rua G, 130', 1, 3, 'graduação'),
('202400034', '12345678933', 'Aluno 34', 'feminino', '34343434343', 'Rua H, 131', 1, 4, 'graduação'),
('202400035', '12345678934', 'Aluno 35', 'masculino', '35353535353', 'Rua I, 132', 1, 5, 'graduação'),
('202400036', '12345678935', 'Aluno 36', 'feminino', '36363636363', 'Rua J, 133', 1, 6, 'graduação'),
('202400037', '12345678936', 'Aluno 37', 'masculino', '37373737373', 'Rua K, 134', 1, 7, 'graduação'),
('202400038', '12345678937', 'Aluno 38', 'feminino', '38383838383', 'Rua L, 135', 1, 8, 'graduação'),
('202400039', '12345678938', 'Aluno 39', 'masculino', '39393939393', 'Rua M, 136', 1, 9, 'graduação'),
('202400040', '12345678939', 'Aluno 40', 'feminino', '40404040404', 'Rua N, 137', 1, 10, 'graduação'),
('202400041', '12345678940', 'Aluno 41', 'masculino', '41414141414', 'Rua O, 138', 1, 11, 'graduação'),
('202400042', '12345678941', 'Aluno 42', 'feminino', '42424242424', 'Rua P, 139', 1, 12, 'graduação'),
('202400043', '12345678942', 'Aluno 43', 'masculino', '43434343434', 'Rua Q, 140', 1, 13, 'graduação'),
('202400044', '12345678943', 'Aluno 44', 'feminino', '44444447444', 'Rua R, 141', 1, 14, 'graduação'),
('202400045', '12345678944', 'Aluno 45', 'masculino', '45454545454', 'Rua S, 142', 1, 15, 'graduação'),
('202400046', '12345678945', 'Aluno 46', 'feminino', '46464646464', 'Rua T, 143', 1, 16, 'graduação'),
('202400047', '12345678946', 'Aluno 47', 'masculino', '47474747474', 'Rua U, 144', 1, 17, 'graduação'),
('202400048', '12345678947', 'Aluno 48', 'feminino', '48484848484', 'Rua V, 145', 1, 18, 'graduação'),
('202400049', '12345678948', 'Aluno 49', 'masculino', '49494949494', 'Rua W, 146', 1, 19, 'graduação'),
('202400050', '12345678949', 'Aluno 50', 'feminino', '50505050505', 'Rua X, 147', 1, 20, 'graduação'),
('202400051', '12345678950', 'Aluno 51', 'masculino', '51515151515', 'Rua Y, 148', 1, 21, 'graduação'),
('202400052', '12345678951', 'Aluno 52', 'feminino', '52525252525', 'Rua Z, 149', 1, 22, 'graduação'),
('202400053', '12345678952', 'Aluno 53', 'masculino', '53535353535', 'Rua A, 150', 1, 23, 'graduação'),
('202400054', '12345678953', 'Aluno 54', 'feminino', '54545454545', 'Rua B, 151', 1, 24, 'graduação'),
('202400055', '12345678954', 'Aluno 55', 'masculino', '55575555555', 'Rua C, 152', 1, 25, 'graduação'),
('202400056', '12345678955', 'Aluno 56', 'feminino', '56565656565', 'Rua D, 153', 1, 26, 'graduação'),
('202400057', '12345678956', 'Aluno 57', 'masculino', '57575757575', 'Rua E, 154', 1, 27, 'graduação'),
('202400058', '12345678957', 'Aluno 58', 'feminino', '58585858585', 'Rua F, 155', 1, 28, 'graduação'),
('202400059', '12345678958', 'Aluno 59', 'masculino', '59595959595', 'Rua G, 156', 1, 29, 'graduação'),
('202400060', '12345678959', 'Aluno 60', 'feminino', '60606060606', 'Rua H, 157', 1, 30, 'graduação'),
('202400061', '12345678960', 'Aluno 61', 'masculino', '61616161616', 'Rua I, 158', 1, 1, 'graduação'),
('202400062', '12345678961', 'Aluno 62', 'feminino', '62626262626', 'Rua J, 159', 1, 2, 'graduação'),
('202400063', '12345678962', 'Aluno 63', 'masculino', '63636363636', 'Rua K, 160', 1, 3, 'graduação'),
('202400064', '12345678963', 'Aluno 64', 'feminino', '64646464646', 'Rua L, 161', 1, 4, 'graduação'),
('202400065', '12345678964', 'Aluno 65', 'masculino', '65656565656', 'Rua M, 162', 1, 5, 'graduação'),
('202400066', '12345678965', 'Aluno 66', 'feminino', '66666666266', 'Rua N, 163', 1, 6, 'graduação'),
('202400067', '12345678966', 'Aluno 67', 'masculino', '67676767676', 'Rua O, 164', 1, 7, 'graduação'),
('202400068', '12345678967', 'Aluno 68', 'feminino', '68686868686', 'Rua P, 165', 1, 8, 'graduação'),
('202400069', '12345678968', 'Aluno 69', 'masculino', '69696969696', 'Rua Q, 166', 1, 9, 'graduação'),
('202400070', '12345678969', 'Aluno 70', 'feminino', '70707070707', 'Rua R, 167', 1, 10, 'graduação'),
('202400071', '12345678970', 'Aluno 71', 'masculino', '71717171717', 'Rua S, 168', 1, 11, 'graduação'),
('202400072', '12345678971', 'Aluno 72', 'feminino', '72727272727', 'Rua T, 169', 1, 12, 'graduação'),
('202400074', '12345678973', 'Aluno 74', 'feminino', '74747474747', 'Rua V, 171', 1, 14, 'graduação'),
('202400075', '12345678974', 'Aluno 75', 'masculino', '75757575757', 'Rua W, 172', 1, 15, 'graduação'),
('202400076', '12345678975', 'Aluno 76', 'feminino', '76767676767', 'Rua X, 173', 1, 16, 'graduação'),
('202400077', '12345678976', 'Aluno 77', 'masculino', '77777770777', 'Rua Y, 174', 1, 17, 'graduação'),
('202400078', '12345678977', 'Aluno 78', 'feminino', '78787878787', 'Rua Z, 175', 1, 18, 'graduação'),
('202400079', '12345678978', 'Aluno 79', 'masculino', '79797979797', 'Rua A, 176', 1, 19, 'graduação'),
('202400080', '12345678979', 'Aluno 80', 'feminino', '80808080808', 'Rua B, 177', 1, 20, 'graduação'),
('202400081', '12345678980', 'Aluno 81', 'masculino', '81818181818', 'Rua C, 178', 1, 21, 'graduação'),
('202400082', '12345678981', 'Aluno 82', 'feminino', '82828282828', 'Rua D, 179', 1, 22, 'graduação'),
('202400083', '12345678982', 'Aluno 83', 'masculino', '83838383838', 'Rua E, 180', 1, 23, 'graduação'),
('202400084', '12345678983', 'Aluno 84', 'feminino', '84848484848', 'Rua F, 181', 1, 24, 'graduação'),
('202400085', '12345678984', 'Aluno 85', 'masculino', '85858585858', 'Rua G, 182', 1, 25, 'graduação');

INSERT INTO Aluno (matricula, cpf, nome, sexo, telefone, endereco, idCurso, idTurma, TipodeFormacao) VALUES
('202400086', '12345678985', 'Aluno 86', 'feminino', '86868686868', 'Rua H, 183', 1, 26, 'graduação'),
('202400087', '12345678986', 'Aluno 87', 'masculino', '87878787878', 'Rua I, 184', 1, 27, 'graduação'),
('202400088', '12345678987', 'Aluno 88', 'feminino', '88788888888', 'Rua J, 185', 1, 28, 'graduação'),
('202400089', '12345678988', 'Aluno 89', 'masculino', '89898989898', 'Rua K, 186', 1, 29, 'graduação'),
('202400090', '12345678989', 'Aluno 90', 'feminino', '90909090909', 'Rua L, 187', 1, 30, 'graduação'),
('202400091', '12345678990', 'Aluno 91', 'masculino', '91919191919', 'Rua M, 188', 1, 1, 'graduação'),
('202400092', '12345678991', 'Aluno 92', 'feminino', '92929292929', 'Rua N, 189', 1, 2, 'graduação'),
('202400093', '12345678992', 'Aluno 93', 'masculino', '93939393939', 'Rua O, 190', 1, 3, 'graduação'),
('202400094', '12345678993', 'Aluno 94', 'feminino', '94949494949', 'Rua P, 191', 1, 4, 'graduação'),
('202400095', '12345678994', 'Aluno 95', 'masculino', '95959595959', 'Rua Q, 192', 1, 5, 'graduação'),
('202400096', '12345678995', 'Aluno 96', 'feminino', '96969696969', 'Rua R, 193', 1, 6, 'graduação'),
('202400097', '12345678996', 'Aluno 97', 'masculino', '97979797979', 'Rua S, 194', 1, 7, 'graduação'),
('202400098', '12345678997', 'Aluno 98', 'feminino', '98989898989', 'Rua T, 195', 1, 8, 'graduação'),
('202400099', '12345678998', 'Aluno 99', 'masculino', '99919999999', 'Rua U, 196', 1, 9, 'graduação'),
('202400100', '12345678999', 'Aluno 100', 'feminino', '10204732757', 'Rua V, 197', 1, 10, 'graduação');

UPDATE Aluno SET idTurma = 1 WHERE matricula IN ('202400001', '202400031', '202400061', '202400091');
UPDATE Aluno SET idTurma = 2 WHERE matricula IN ('202400002', '202400032', '202400062', '202400092');
UPDATE Aluno SET idTurma = 3 WHERE matricula IN ('202400003', '202400033', '202400063', '202400093');
UPDATE Aluno SET idTurma = 4 WHERE matricula IN ('202400004', '202400034', '202400064', '202400094');
UPDATE Aluno SET idTurma = 5 WHERE matricula IN ('202400005', '202400035', '202400065', '202400095');
UPDATE Aluno SET idTurma = 6 WHERE matricula IN ('202400006', '202400036', '202400066', '202400096');
UPDATE Aluno SET idTurma = 7 WHERE matricula IN ('202400007', '202400037', '202400067', '202400097');
UPDATE Aluno SET idTurma = 8 WHERE matricula IN ('202400008', '202400038', '202400068', '202400098');
UPDATE Aluno SET idTurma = 9 WHERE matricula IN ('202400009', '202400039', '202400069', '202400099');
UPDATE Aluno SET idTurma = 10 WHERE matricula IN ('202400010', '202400040', '202400070', '202400100');
UPDATE Aluno SET idTurma = 11 WHERE matricula IN ('202400011', '202400041', '202400071');
UPDATE Aluno SET idTurma = 12 WHERE matricula IN ('202400012', '202400042', '202400072');
UPDATE Aluno SET idTurma = 13 WHERE matricula IN ('202400013', '202400043', '202400073');
UPDATE Aluno SET idTurma = 14 WHERE matricula IN ('202400014', '202400044', '202400074');
UPDATE Aluno SET idTurma = 15 WHERE matricula IN ('202400015', '202400045', '202400075');
UPDATE Aluno SET idTurma = 16 WHERE matricula IN ('202400016', '202400046', '202400076');
UPDATE Aluno SET idTurma = 17 WHERE matricula IN ('202400017', '202400047', '202400077');
UPDATE Aluno SET idTurma = 18 WHERE matricula IN ('202400018', '202400048', '202400078');
UPDATE Aluno SET idTurma = 19 WHERE matricula IN ('202400019', '202400049', '202400079');
UPDATE Aluno SET idTurma = 20 WHERE matricula IN ('202400020', '202400050', '202400080');
UPDATE Aluno SET idTurma = 21 WHERE matricula IN ('202400021', '202400051', '202400081');
UPDATE Aluno SET idTurma = 22 WHERE matricula IN ('202400022', '202400052', '202400082');
UPDATE Aluno SET idTurma = 23 WHERE matricula IN ('202400023', '202400053', '202400083');
UPDATE Aluno SET idTurma = 24 WHERE matricula IN ('202400024', '202400054', '202400084');
UPDATE Aluno SET idTurma = 25 WHERE matricula IN ('202400025', '202400055', '202400085');
UPDATE Aluno SET idTurma = 26 WHERE matricula IN ('202400026', '202400056', '202400086');
UPDATE Aluno SET idTurma = 27 WHERE matricula IN ('202400027', '202400057', '202400087');
UPDATE Aluno SET idTurma = 28 WHERE matricula IN ('202400028', '202400058', '202400088');
UPDATE Aluno SET idTurma = 29 WHERE matricula IN ('202400029', '202400059', '202400089');
UPDATE Aluno SET idTurma = 30 WHERE matricula IN ('202400030', '202400060', '202400090');
UPDATE Aluno SET idTurma = 1 WHERE matricula IN ('202400091', '202400098', '202400093', '202400100');


INSERT INTO Avaliacao (idAluno, idDisciplina, nota, data) VALUES
 ('202400001', 1, 8.5, '2024-06-20');
 INSERT INTO Avaliacao (idAluno, idDisciplina, nota, data) VALUES
 ('202400002', 1, 7.0, '2024-06-20');
 
  INSERT INTO Avaliacao (idAluno, idDisciplina, nota, data) VALUES
 ('202400003', 1, 9.0, '2024-06-20'),
 ('202400004', 1, 8.0, '2024-06-20'),
 ('202400005', 1, 7.5, '2024-06-20'),
 ('202400006', 1, 6.5, '2024-06-20'),
 ('202400007', 1, 8.2, '2024-06-20'),
 ('202400008', 1, 9.1, '2024-06-20'),
 ('202400009', 1, 7.7, '2024-06-20'),
 ('202400010', 1, 6.8, '2024-06-20'),
 ('202400011', 1, 7.9, '2024-06-20'),
 ('202400012', 1, 8.3, '2024-06-20'),
 ('202400013', 1, 9.4, '2024-06-20'),
 ('202400014', 1, 6.9, '2024-06-20'),
 ('202400015', 1, 7.2, '2024-06-20'),
 ('202400016', 1, 8.6, '2024-06-20'),
 ('202400017', 1, 9.2, '2024-06-20'),
 ('202400018', 1, 6.3, '2024-06-20'),
 ('202400019', 1, 7.8, '2024-06-20'),
 ('202400020', 1, 7.1, '2024-06-20'),
 ('202400021', 1, 8.0, '2024-06-20'),
 ('202400022', 1, 9.5, '2024-06-20'),
 ('202400023', 1, 6.6, '2024-06-20'),
 ('202400024', 1, 8.4, '2024-06-20'),
 ('202400025', 1, 7.3, '2024-06-20'),
 ('202400026', 1, 6.7, '2024-06-20'),
 ('202400027', 1, 8.8, '2024-06-20'),
 ('202400028', 1, 9.3, '2024-06-20'),
 ('202400029', 1, 6.2, '2024-06-20'),
 ('202400030', 1, 7.6, '2024-06-20'),
 ('202400031', 1, 8.1, '2024-06-20'),
 ('202400032', 1, 6.4, '2024-06-20'),
 ('202400033', 1, 7.4, '2024-06-20'),
 ('202400034', 1, 8.9, '2024-06-20'),
 ('202400035', 1, 9.0, '2024-06-20'),
 ('202400036', 1, 7.7, '2024-06-20'),
 ('202400037', 1, 6.8, '2024-06-20'),
 ('202400038', 1, 7.9, '2024-06-20'),
 ('202400039', 1, 8.3, '2024-06-20'),
 ('202400040', 1, 9.4, '2024-06-20'),
 ('202400041', 1, 6.9, '2024-06-20'),
 ('202400042', 1, 7.2, '2024-06-20'),
 ('202400043', 1, 8.6, '2024-06-20'),
 ('202400044', 1, 9.2, '2024-06-20'),
 ('202400045', 1, 6.3, '2024-06-20'),
 ('202400046', 1, 7.8, '2024-06-20'),
 ('202400047', 1, 7.1, '2024-06-20'),
 ('202400048', 1, 8.0, '2024-06-20'),
 ('202400049', 1, 9.5, '2024-06-20'),
 ('202400050', 1, 6.6, '2024-06-20'),
 ('202400051', 1, 8.4, '2024-06-20'),
 ('202400052', 1, 7.3, '2024-06-20'),
 ('202400053', 1, 6.7, '2024-06-20'),
 ('202400054', 1, 8.8, '2024-06-20'),
 ('202400055', 1, 9.3, '2024-06-20'),
 ('202400056', 1, 6.2, '2024-06-20'),
 ('202400057', 1, 7.6, '2024-06-20'),
 ('202400058', 1, 8.1, '2024-06-20'),
 ('202400059', 1, 6.4, '2024-06-20'),
 ('202400060', 1, 7.4, '2024-06-20');
 
INSERT INTO Avaliacao (idAluno, idDisciplina, nota, data) VALUES
 ('202400061', 1, 8.9, '2024-06-20'),
 ('202400062', 1, 9.0, '2024-06-20'),
 ('202400063', 1, 7.7, '2024-06-20'),
 ('202400064', 1, 6.8, '2024-06-20'),
 ('202400065', 1, 7.9, '2024-06-20'),
 ('202400066', 1, 8.3, '2024-06-20'),
 ('202400067', 1, 9.4, '2024-06-20'),
 ('202400068', 1, 6.9, '2024-06-20'),
 ('202400069', 1, 7.2, '2024-06-20'),
 ('202400070', 1, 8.6, '2024-06-20');
 
 INSERT INTO Avaliacao (idAluno, idDisciplina, nota, data) VALUES
 ('202400071', 1, 9.2, '2024-06-20');
  INSERT INTO Avaliacao (idAluno, idDisciplina, nota, data) VALUES
 ('202400072', 1, 6.3, '2024-06-20');

    INSERT INTO Avaliacao (idAluno, idDisciplina, nota, data) VALUES
 ('202400074', 1, 7.1, '2024-06-20'),
 ('202400075', 1, 8.0, '2024-06-20');
 
     INSERT INTO Avaliacao (idAluno, idDisciplina, nota, data) VALUES
 ('202400076', 1, 9.5, '2024-06-20'),
 ('202400077', 1, 6.6, '2024-06-20'),
 ('202400078', 1, 8.4, '2024-06-20'),
 ('202400079', 1, 7.3, '2024-06-20'),
 ('202400080', 1, 6.7, '2024-06-20');

      INSERT INTO Avaliacao (idAluno, idDisciplina, nota, data) VALUES
 ('202400081', 1, 8.8, '2024-06-20'),
 ('202400082', 1, 9.3, '2024-06-20'),
 ('202400083', 1, 6.2, '2024-06-20'),
 ('202400084', 1, 7.6, '2024-06-20'),
 ('202400085', 1, 8.1, '2024-06-20'),
 ('202400086', 1, 6.4, '2024-06-20'),
 ('202400087', 1, 7.4, '2024-06-20'),
 ('202400088', 1, 8.9, '2024-06-20'),
 ('202400089', 1, 9.0, '2024-06-20'),
 ('202400090', 1, 7.7, '2024-06-20'),
 ('202400091', 1, 6.8, '2024-06-20'),
 ('202400092', 1, 7.9, '2024-06-20'),
 ('202400093', 1, 8.3, '2024-06-20'),
 ('202400094', 1, 9.4, '2024-06-20'),
 ('202400095', 1, 6.9, '2024-06-20'),
 ('202400096', 1, 7.2, '2024-06-20'),
 ('202400097', 1, 8.6, '2024-06-20'),
 ('202400098', 1, 9.2, '2024-06-20'),
 ('202400099', 1, 6.3, '2024-06-20'),
 ('202400100', 1, 7.8, '2024-06-20');	

INSERT INTO Avaliacao (idAluno, idDisciplina, nota, data) VALUES
('202400001', 2, 9.0, '2024-06-21'),
('202400002', 2, 8.5, '2024-06-21'),
('202400003', 2, 7.0, '2024-06-21'),
('202400004', 2, 8.0, '2024-06-21'),
('202400005', 2, 7.5, '2024-06-21'),
('202400006', 2, 6.5, '2024-06-21'),
('202400007', 2, 8.2, '2024-06-21'),
('202400008', 2, 9.1, '2024-06-21'),
('202400009', 2, 7.7, '2024-06-21'),
('202400010', 2, 6.8, '2024-06-21'),
('202400011', 2, 7.9, '2024-06-21'),
('202400012', 2, 8.3, '2024-06-21'),
('202400013', 2, 9.4, '2024-06-21'),
('202400014', 2, 6.9, '2024-06-21'),
('202400015', 2, 7.2, '2024-06-21'),
('202400016', 2, 8.6, '2024-06-21'),
('202400017', 2, 9.2, '2024-06-21'),
('202400018', 2, 6.3, '2024-06-21'),
('202400019', 2, 7.8, '2024-06-21'),
('202400020', 2, 7.1, '2024-06-21'),
('202400021', 2, 8.0, '2024-06-21'),
('202400022', 2, 9.5, '2024-06-21'),
('202400023', 2, 6.6, '2024-06-21'),
('202400024', 2, 8.4, '2024-06-21'),
('202400025', 2, 7.3, '2024-06-21'),
('202400026', 2, 6.7, '2024-06-21'),
('202400027', 2, 8.8, '2024-06-21'),
('202400028', 2, 9.3, '2024-06-21'),
('202400029', 2, 6.2, '2024-06-21'),
('202400030', 2, 7.6, '2024-06-21'),
('202400031', 2, 8.1, '2024-06-21'),
('202400032', 2, 9.7, '2024-06-21'),
('202400033', 2, 7.4, '2024-06-21'),
('202400034', 2, 6.4, '2024-06-21'),
('202400035', 2, 8.7, '2024-06-21'),
('202400036', 2, 9.6, '2024-06-21'),
('202400037', 2, 6.1, '2024-06-21'),
('202400038', 2, 7.9, '2024-06-21'),
('202400039', 2, 8.9, '2024-06-21'),
('202400040', 2, 6.9, '2024-06-21'),
('202400041', 2, 7.2, '2024-06-21'),
('202400042', 2, 8.3, '2024-06-21'),
('202400043', 2, 9.4, '2024-06-21'),
('202400044', 2, 6.8, '2024-06-21'),
('202400045', 2, 7.5, '2024-06-21'),
('202400046', 2, 8.6, '2024-06-21'),
('202400047', 2, 9.1, '2024-06-21'),
('202400048', 2, 6.3, '2024-06-21'),
('202400049', 2, 7.7, '2024-06-21'),
('202400050', 2, 8.2, '2024-06-21'),
('202400051', 2, 9.0, '2024-06-21'),
('202400052', 2, 6.5, '2024-06-21'),
('202400053', 2, 7.8, '2024-06-21'),
('202400054', 2, 8.5, '2024-06-21'),
('202400055', 2, 9.2, '2024-06-21'),
('202400056', 2, 6.7, '2024-06-21'),
('202400057', 2, 7.6, '2024-06-21'),
('202400058', 2, 8.4, '2024-06-21'),
('202400059', 2, 9.3, '2024-06-21'),
('202400060', 2, 6.6, '2024-06-21'),
('202400061', 2, 7.3, '2024-06-21'),
('202400062', 2, 8.8, '2024-06-21'),
('202400063', 2, 9.5, '2024-06-21'),
('202400064', 2, 6.2, '2024-06-21'),
('202400065', 2, 7.1, '2024-06-21'),
('202400066', 2, 8.0, '2024-06-21'),
('202400067', 2, 9.8, '2024-06-21'),
('202400068', 2, 6.0, '2024-06-21'),
('202400069', 2, 7.4, '2024-06-21'),
('202400070', 2, 8.7, '2024-06-21'),
('202400071', 2, 9.7, '2024-06-21'),
('202400072', 2, 5.9, '2024-06-21'),
('202400074', 2, 8.6, '2024-06-21'),
('202400075', 2, 9.6, '2024-06-21'),
('202400076', 2, 6.1, '2024-06-21'),
('202400077', 2, 7.8, '2024-06-21'),
('202400078', 2, 8.5, '2024-06-21'),
('202400079', 2, 9.5, '2024-06-21'),
('202400080', 2, 6.2, '2024-06-21'),
('202400081', 2, 7.7, '2024-06-21'),
('202400082', 2, 8.4, '2024-06-21'),
('202400083', 2, 9.4, '2024-06-21'),
('202400084', 2, 6.3, '2024-06-21'),
('202400085', 2, 7.6, '2024-06-21'),
('202400086', 2, 8.3, '2024-06-21'),
('202400087', 2, 9.3, '2024-06-21'),
('202400088', 2, 6.4, '2024-06-21'),
('202400089', 2, 7.9, '2024-06-21'),
('202400090', 2, 8.2, '2024-06-21'),
('202400091', 2, 9.2, '2024-06-21'),
('202400092', 2, 6.5, '2024-06-21'),
('202400093', 2, 7.4, '2024-06-21'),
('202400094', 2, 8.1, '2024-06-21'),
('202400095', 2, 9.1, '2024-06-21'),
('202400096', 2, 6.6, '2024-06-21'),
('202400097', 2, 7.3, '2024-06-21'),
('202400098', 2, 8.0, '2024-06-21'),
('202400099', 2, 9.0, '2024-06-21'),
('202400100', 2, 6.7, '2024-06-21');